REGION TYPE,REGION,YEAR,WEEK,% WEIGHTED ILI,%UNWEIGHTED ILI,ILITOTAL,NUM. OF PROVIDERS,TOTAL PATIENTS
National,X,2005,40,1.17778,1.07635,3586,1113,333164
National,X,2005,41,1.21947,1.05869,3582,1160,338343
National,X,2005,42,1.3069,1.11523,4122,1216,369609
National,X,2005,43,1.33931,1.12381,4248,1237,377999
National,X,2005,44,1.58374,1.25489,5005,1280,398840
National,X,2005,45,1.47072,1.33661,5038,1272,376924
National,X,2005,46,1.6112,1.37864,5276,1277,382697
National,X,2005,47,1.82699,1.60829,4802,1301,298578
National,X,2005,48,1.77482,1.48311,5966,1325,402264
National,X,2005,49,1.94451,1.65374,6371,1328,385248
National,X,2005,50,2.35512,2.00679,7697,1318,383548
National,X,2005,51,3.10878,2.56857,8577,1287,333921
National,X,2005,52,3.28238,3.05278,8842,1273,289638
National,X,2006,1,2.62914,2.42504,8339,1319,343871
National,X,2006,2,2.2515,2.00195,7882,1339,393716
National,X,2006,3,2.35858,2.05869,7858,1297,381699
National,X,2006,4,2.41881,2.21277,9114,1331,411882
National,X,2006,5,2.52752,2.3222,9551,1320,411291
National,X,2006,6,2.64954,2.49279,10427,1311,418286
National,X,2006,7,3.12935,2.79489,11226,1288,401661
National,X,2006,8,3.12442,2.96911,11901,1288,400827
National,X,2006,9,3.13099,2.83959,11343,1275,399459
National,X,2006,10,3.08261,2.77799,11261,1257,405365
National,X,2006,11,2.64431,2.47287,9322,1241,376971
National,X,2006,12,2.42295,2.18061,8064,1217,369804
National,X,2006,13,2.31141,2.0168,7313,1165,362605
National,X,2006,14,1.86383,1.64101,5738,1133,349662
National,X,2006,15,1.44943,1.35829,4547,1087,334760
National,X,2006,16,1.30227,1.1428,3550,1045,310641
National,X,2006,17,1.13459,1.04031,3177,1017,305389
National,X,2006,18,1.06255,0.964347,2780,958,288278
National,X,2006,19,1.03428,0.937982,2592,919,276338
National,X,2006,20,1.01791,0.947449,2428,877,256267
National,X,2006,21,0.918151,0.891918,2061,783,231075
National,X,2006,22,0.93099,0.864643,1645,649,190252
National,X,2006,23,0.857294,0.97032,2075,635,213847
National,X,2006,24,0.786294,0.84439,1430,615,169353
National,X,2006,25,0.719426,0.77487,1300,610,167770
National,X,2006,26,0.718868,0.821372,1271,572,154741
National,X,2006,27,0.774807,0.872745,1215,565,139216
National,X,2006,28,0.76598,0.922635,1617,577,175259
National,X,2006,29,0.642809,0.899487,1553,564,172654
National,X,2006,30,0.622033,0.843082,1455,564,172581
National,X,2006,31,0.616326,0.881824,1428,551,161937
National,X,2006,32,0.685694,0.817145,1373,547,168024
National,X,2006,33,0.622697,0.8715,1457,536,167183
National,X,2006,34,0.611817,0.738621,1138,503,154071
National,X,2006,35,0.638831,0.797966,1224,488,153390
National,X,2006,36,0.806627,1.01394,1463,491,144289
National,X,2006,37,0.762448,0.880936,1406,487,159603
National,X,2006,38,0.813406,0.943366,1487,455,157627
National,X,2006,39,0.807934,0.891546,1433,469,160732
National,X,2006,40,1.15384,1.20322,4513,1323,375076
National,X,2006,41,1.14819,1.05788,4072,1361,384920
National,X,2006,42,1.22736,1.13054,4737,1425,419005
National,X,2006,43,1.21744,1.12552,4888,1445,434287
National,X,2006,44,1.32813,1.20808,5380,1473,445334
National,X,2006,45,1.47754,1.34952,6139,1497,454901
National,X,2006,46,1.5339,1.4689,6668,1474,453945
National,X,2006,47,1.91269,1.82767,6156,1488,336822
National,X,2006,48,1.838,1.6656,7530,1486,452089
National,X,2006,49,1.95376,1.85968,8122,1493,436741
National,X,2006,50,2.40407,2.38891,10396,1492,435177
National,X,2006,51,2.87453,2.78978,10192,1435,365334
National,X,2006,52,3.02597,3.11549,8913,1359,286087
National,X,2007,1,2.37817,2.26942,8386,1490,369521
National,X,2007,2,2.09232,1.86355,7761,1467,416464
National,X,2007,3,2.29396,1.99986,7909,1470,395477
National,X,2007,4,2.74501,2.4406,10888,1495,446119
National,X,2007,5,3.04434,2.83018,12120,1472,428241
National,X,2007,6,3.49999,3.12343,14197,1484,454533
National,X,2007,7,3.57851,3.27019,14031,1461,429057
National,X,2007,8,3.28979,3.17757,14048,1460,442099
National,X,2007,9,2.89149,2.72364,11801,1428,433281
National,X,2007,10,2.62075,2.50201,10715,1408,428255
National,X,2007,11,2.53387,2.4272,9597,1361,395394
National,X,2007,12,2.07251,1.96041,7562,1333,385735
National,X,2007,13,1.87084,1.5914,6148,1303,386327
National,X,2007,14,1.40042,1.36978,4958,1284,361955
National,X,2007,15,1.46887,1.36317,4869,1240,357183
National,X,2007,16,1.15514,1.1737,4179,1206,356055
National,X,2007,17,1.07901,1.06358,3695,1152,347413
National,X,2007,18,0.98492,0.969711,3077,1119,317311
National,X,2007,19,1.03325,0.965362,2860,1057,296262
National,X,2007,20,0.926649,0.856749,2442,1025,285031
National,X,2007,21,0.9201,0.863346,2243,925,259803
National,X,2007,22,0.954094,0.93537,2058,831,220020
National,X,2007,23,0.763278,0.745569,1679,796,225197
National,X,2007,24,0.81722,0.740428,1614,771,217982
National,X,2007,25,0.764586,0.672897,1456,749,216378
National,X,2007,26,0.793127,0.666282,1455,742,218376
National,X,2007,27,0.66909,0.662747,1169,711,176387
National,X,2007,28,0.62115,0.545619,1086,697,199040
National,X,2007,29,0.603659,0.586231,1211,698,206574
National,X,2007,30,0.649058,0.660687,1356,691,205241
National,X,2007,31,0.568338,0.534093,1037,677,194161
National,X,2007,32,0.651546,0.585549,1172,667,200154
National,X,2007,33,0.652176,0.618075,1283,666,207580
National,X,2007,34,0.803849,0.687465,1448,671,210629
National,X,2007,35,0.787458,0.715696,1526,652,213219
National,X,2007,36,0.943263,0.829313,1554,641,187384
National,X,2007,37,0.946932,0.800912,1694,638,211509
National,X,2007,38,0.987146,0.918484,1913,632,208278
National,X,2007,39,1.05206,0.814259,2228,703,273623
National,X,2007,40,0.995184,1.07197,5641,1373,526227
National,X,2007,41,1.22003,1.21786,6444,1429,529126
National,X,2007,42,1.28548,1.24576,6941,1449,557172
National,X,2007,43,1.3775,1.35984,7434,1477,546680
National,X,2007,44,1.46725,1.44671,7915,1485,547104
National,X,2007,45,1.55841,1.53286,8687,1539,566717
National,X,2007,46,1.61958,1.66653,9104,1516,546284
National,X,2007,47,1.8112,1.97488,8570,1523,433951
National,X,2007,48,1.61865,1.67305,9171,1513,548159
National,X,2007,49,1.62124,1.63405,8436,1487,516263
National,X,2007,50,1.67351,1.74595,8091,1453,463416
National,X,2007,51,1.95096,1.93643,8750,1420,451862
National,X,2007,52,2.50019,2.48905,8902,1426,357646
National,X,2008,1,2.43939,2.25405,9706,1486,430603
National,X,2008,2,2.29319,2.09147,11115,1509,531444
National,X,2008,3,2.62907,2.35934,12197,1511,516966
National,X,2008,4,3.92966,3.32331,17171,1508,516683
National,X,2008,5,4.99202,4.43381,24812,1514,559609
National,X,2008,6,5.7776,5.34547,31896,1526,596692
National,X,2008,7,5.98318,5.42258,31625,1518,583210
National,X,2008,8,5.61677,5.30303,30245,1497,570334
National,X,2008,9,4.53234,4.24456,25027,1453,589626
National,X,2008,10,3.83249,3.628,20254,1445,558269
National,X,2008,11,3.21522,3.03463,16714,1412,550776
National,X,2008,12,2.69245,2.53595,13040,1395,514205
National,X,2008,13,2.03366,2.0573,10376,1379,504350
National,X,2008,14,1.65275,1.7415,8583,1327,492850
National,X,2008,15,1.3113,1.40652,7045,1318,500881
National,X,2008,16,1.1652,1.26861,6079,1288,479187
National,X,2008,17,1.02035,1.07719,4953,1208,459808
National,X,2008,18,0.877607,0.993445,4224,1147,425187
National,X,2008,19,0.825107,0.911212,4011,1098,440183
National,X,2008,20,0.787315,0.972109,3904,1074,401601
National,X,2008,21,0.805439,0.993258,3646,945,367075
National,X,2008,22,0.886061,1.09132,3803,869,348477
National,X,2008,23,0.743743,0.888446,2933,789,330127
National,X,2008,24,0.706842,0.887691,2906,764,327366
National,X,2008,25,0.655943,0.883187,2842,755,321789
National,X,2008,26,0.633492,0.826756,2534,730,306499
National,X,2008,27,0.571837,0.783201,2405,713,307073
National,X,2008,28,0.558278,0.78061,2431,710,311423
National,X,2008,29,0.597893,0.769073,2319,696,301532
National,X,2008,30,0.577222,0.721298,2166,694,300292
National,X,2008,31,0.596987,0.752527,2289,676,304175
National,X,2008,32,0.564653,0.752721,2220,668,294930
National,X,2008,33,0.585682,0.792766,2368,657,298701
National,X,2008,34,0.503985,0.743896,2237,657,300714
National,X,2008,35,0.468139,0.814166,2429,636,298342
National,X,2008,36,0.576455,0.838401,2461,666,293535
National,X,2008,37,0.681361,0.851124,2788,685,327567
National,X,2008,38,0.794764,1.10976,3735,679,336560
National,X,2008,39,0.868116,1.03114,3400,716,329731
National,X,2008,40,1.06828,1.02284,5687,1435,555999
National,X,2008,41,1.00756,1.03017,5959,1500,578446
National,X,2008,42,0.979399,1.01245,5896,1525,582351
National,X,2008,43,1.04943,1.08359,6485,1527,598473
National,X,2008,44,1.13218,1.16578,6987,1545,599343
National,X,2008,45,1.13156,1.1913,7297,1555,612526
National,X,2008,46,1.15469,1.28075,7667,1555,598635
National,X,2008,47,1.20448,1.27053,7733,1563,608646
National,X,2008,48,1.36081,1.59578,7634,1523,478386
National,X,2008,49,1.30322,1.4585,8708,1551,597052
National,X,2008,50,1.30204,1.49921,8689,1543,579573
National,X,2008,51,1.45109,1.62982,7812,1416,479318
National,X,2008,52,1.79927,2.15561,8706,1484,403876
National,X,2008,53,2.12134,2.02053,8603,1490,425780
National,X,2009,1,1.47138,1.54566,8956,1539,579428
National,X,2009,2,1.61555,1.64224,9289,1512,565631
National,X,2009,3,1.95333,1.96524,11456,1566,582932
National,X,2009,4,2.42907,2.34368,14324,1554,611176
National,X,2009,5,2.96686,2.86057,18268,1580,638613
National,X,2009,6,3.57354,3.3421,21667,1569,648304
National,X,2009,7,3.36653,3.20566,20022,1543,624583
National,X,2009,8,3.2962,3.10049,20450,1544,659573
National,X,2009,9,3.17227,2.95819,18441,1534,623389
National,X,2009,10,2.5804,2.46381,15711,1524,637672
National,X,2009,11,2.42922,2.19272,13277,1494,605503
National,X,2009,12,1.99028,1.87395,11400,1470,608342
National,X,2009,13,1.72423,1.64817,9669,1440,586651
National,X,2009,14,1.60355,1.49878,8460,1422,564460
National,X,2009,15,1.28418,1.29233,7222,1415,558837
National,X,2009,16,1.2932,1.27164,7348,1445,577836
National,X,2009,17,2.74012,2.98159,18627,1405,624734
National,X,2009,18,2.22391,2.43702,14578,1422,598189
National,X,2009,19,1.76657,2.2813,12554,1372,550300
National,X,2009,20,1.92171,3.81572,20774,1331,544432
National,X,2009,21,1.8611,4.21315,22394,1314,531526
National,X,2009,22,1.68423,3.17832,17105,1305,538177
National,X,2009,23,1.7393,2.50972,12392,1296,493761
National,X,2009,24,1.83001,2.06632,10780,1280,521701
National,X,2009,25,1.58128,1.71805,8801,1279,512268
National,X,2009,26,1.49172,1.55965,7422,1237,475877
National,X,2009,27,1.389,1.30856,6290,1246,480680
National,X,2009,28,1.34702,1.18695,5964,1248,502466
National,X,2009,29,1.16056,1.13796,5735,1248,503971
National,X,2009,30,1.2085,1.15005,5587,1254,485804
National,X,2009,31,1.15544,1.11262,5526,1230,496666
National,X,2009,32,1.14518,1.16142,5877,1234,506019
National,X,2009,33,1.4664,1.64107,8941,1286,544827
National,X,2009,34,2.38017,2.47166,14556,1320,588916
National,X,2009,35,3.44681,3.71969,21350,1358,573972
National,X,2009,36,4.05315,3.94975,22561,1367,571201
National,X,2009,37,4.26621,4.08756,26091,1380,638302
National,X,2009,38,4.21579,4.01897,24454,1313,608464
National,X,2009,39,4.8861,4.60362,27919,1331,606458
National,X,2009,40,6.06923,5.66087,48420,2056,855346
National,X,2009,41,7.09467,6.81522,58196,2134,853912
National,X,2009,42,7.7151,7.61889,69068,2162,906536
National,X,2009,43,7.55134,7.38836,66411,2167,898860
National,X,2009,44,6.67118,6.33927,57017,2197,899425
National,X,2009,45,5.20633,4.94349,42729,2191,864348
National,X,2009,46,4.04477,3.80996,32520,2157,853552
National,X,2009,47,3.49722,3.44106,22508,2146,654101
National,X,2009,48,2.69023,2.66773,21730,2122,814550
National,X,2009,49,2.47119,2.47183,19325,2093,781811
National,X,2009,50,2.44773,2.345,17081,2014,728401
National,X,2009,51,2.64594,2.71435,14575,1934,536961
National,X,2009,52,2.61567,2.67667,15613,1937,583299
National,X,2010,1,1.90712,1.98284,14299,1996,721138
National,X,2010,2,1.86738,1.82749,14088,2016,770895
National,X,2010,3,1.88072,1.92606,14757,2053,766177
National,X,2010,4,1.96908,1.92495,15122,2026,785580
National,X,2010,5,2.11387,2.08877,16037,1996,767773
National,X,2010,6,2.09695,2.03434,15381,1977,756068
National,X,2010,7,1.90294,1.97649,15065,1954,762208
National,X,2010,8,1.96951,1.99362,16087,1990,806925
National,X,2010,9,1.92331,1.85383,14486,1953,781411
National,X,2010,10,1.89659,1.8673,14354,1946,768702
National,X,2010,11,1.75181,1.69987,12601,1933,741293
National,X,2010,12,1.52632,1.49741,11191,1917,747358
National,X,2010,13,1.49572,1.45112,10359,1875,713863
National,X,2010,14,1.22313,1.20715,8813,1850,730068
National,X,2010,15,1.17754,1.17415,8801,1831,749563
National,X,2010,16,1.09112,1.16207,8362,1765,719580
National,X,2010,17,1.11958,1.17213,8440,1755,720054
National,X,2010,18,1.08169,1.12168,7914,1710,705551
National,X,2010,19,1.12497,1.14981,7697,1664,669414
National,X,2010,20,1.06197,1.13328,7603,1624,670887
National,X,2010,21,1.08909,1.08171,6853,1497,633532
National,X,2010,22,1.1776,1.19959,6595,1421,549773
National,X,2010,23,0.97493,0.952808,5755,1435,604004
National,X,2010,24,0.987132,0.916032,5316,1405,580329
National,X,2010,25,0.995991,0.926582,5334,1384,575664
National,X,2010,26,0.904726,0.86962,4718,1347,542536
National,X,2010,27,0.941927,0.903133,4691,1353,519414
National,X,2010,28,0.880415,0.773776,4234,1284,547187
National,X,2010,29,0.842615,0.742774,3950,1265,531790
National,X,2010,30,0.858382,0.730934,3850,1250,526723
National,X,2010,31,0.83383,0.786882,4077,1241,518121
National,X,2010,32,0.847437,0.763051,4008,1212,525260
National,X,2010,33,0.888273,0.841043,4518,1225,537190
National,X,2010,34,0.765372,0.791573,4420,1235,558382
National,X,2010,35,0.91858,0.912732,5007,1170,548573
National,X,2010,36,1.01432,1.03398,5493,1198,531250
National,X,2010,37,1.01233,0.934009,5510,1210,589930
National,X,2010,38,1.11803,1.08189,6741,1206,623077
National,X,2010,39,1.11806,1.06563,6387,1254,599366
National,X,2010,40,1.10939,1.13505,8473,1838,746485
National,X,2010,41,1.24341,1.25256,9347,1875,746230
National,X,2010,42,1.25726,1.2457,9684,1907,777397
National,X,2010,43,1.25734,1.26774,9904,1929,781234
National,X,2010,44,1.43414,1.43723,11020,1947,766753
National,X,2010,45,1.51838,1.53341,11807,1940,769982
National,X,2010,46,1.61617,1.69445,13336,1921,787038
National,X,2010,47,1.84378,1.9915,12079,1938,606527
National,X,2010,48,1.72535,1.81305,13997,1964,772016
National,X,2010,49,1.87923,2.01426,14958,1936,742606
National,X,2010,50,2.3371,2.55659,18022,1916,704923
National,X,2010,51,3.03533,3.38185,19899,1840,588406
National,X,2010,52,3.136,3.43172,20346,1887,592880
National,X,2011,1,2.53336,2.69151,20026,1923,744043
National,X,2011,2,2.91288,2.91063,20721,1921,711908
National,X,2011,3,3.44497,3.49232,26257,1964,751850
National,X,2011,4,4.16185,4.0037,31975,1947,798637
National,X,2011,5,4.55159,4.43534,34284,1970,772974
National,X,2011,6,4.46504,4.24215,34456,1961,812230
National,X,2011,7,4.55124,4.39719,36567,1910,831600
National,X,2011,8,4.0822,3.90256,31277,1908,801449
National,X,2011,9,3.38812,3.15073,24627,1860,781629
National,X,2011,10,2.99142,2.72422,20377,1829,747993
National,X,2011,11,2.61542,2.33336,17309,1823,741807
National,X,2011,12,2.09065,1.925,14031,1790,728883
National,X,2011,13,1.86146,1.75243,12957,1770,739375
National,X,2011,14,1.61377,1.57704,11498,1723,729089
National,X,2011,15,1.42199,1.35766,9391,1681,691707
National,X,2011,16,1.3382,1.31223,8695,1651,662612
National,X,2011,17,1.19995,1.14937,7830,1612,681240
National,X,2011,18,1.14889,1.11451,7307,1585,655627
National,X,2011,19,1.12194,1.10984,7236,1556,651983
National,X,2011,20,1.06712,1.0524,6530,1516,620485
National,X,2011,21,1.05058,1.03536,6072,1381,586460
National,X,2011,22,1.15203,1.11777,5946,1357,531954
National,X,2011,23,0.970975,0.982949,5547,1296,564322
National,X,2011,24,0.894683,0.925194,4989,1279,539238
National,X,2011,25,0.843568,0.835531,4448,1251,532356
National,X,2011,26,0.815409,0.832393,4218,1225,506732
National,X,2011,27,0.823052,0.855591,4009,1211,468565
National,X,2011,28,0.674635,0.706949,3721,1220,526346
National,X,2011,29,0.631883,0.694387,3597,1203,518011
National,X,2011,30,0.641513,0.687976,3538,1179,514262
National,X,2011,31,0.529813,0.644743,3202,1175,496632
National,X,2011,32,0.644089,0.67533,3523,1175,521671
National,X,2011,33,0.667718,0.72823,3874,1191,531975
National,X,2011,34,0.705668,0.806526,4444,1195,551005
National,X,2011,35,0.804155,0.860408,4717,1200,548228
National,X,2011,36,0.907804,0.936075,4813,1184,514168
National,X,2011,37,1.00555,0.966683,5567,1196,575887
National,X,2011,38,1.03601,0.996007,5822,1201,584534
National,X,2011,39,1.07583,1.10846,6708,1213,605162
National,X,2011,40,1.16092,1.20345,9365,1850,778182
National,X,2011,41,1.19785,1.23777,9803,1883,791987
National,X,2011,42,1.27926,1.25259,9958,1905,794995
National,X,2011,43,1.29194,1.30546,10298,1900,788840
National,X,2011,44,1.42824,1.45295,11396,1925,784334
National,X,2011,45,1.39803,1.44089,11496,1946,797839
National,X,2011,46,1.45831,1.46221,11721,1900,801594
National,X,2011,47,1.56548,1.65573,10377,1918,626731
National,X,2011,48,1.34313,1.46606,11479,1904,782984
National,X,2011,49,1.48139,1.51811,11187,1898,736905
National,X,2011,50,1.63398,1.66429,12137,1872,729258
National,X,2011,51,1.83126,1.85274,11958,1851,645424
National,X,2011,52,2.10451,2.12413,12356,1821,581697
National,X,2012,1,1.73625,1.76709,11992,1891,678631
National,X,2012,2,1.55066,1.5434,11543,1883,747894
National,X,2012,3,1.62891,1.64762,11939,1887,724623
National,X,2012,4,1.76038,1.6843,13209,1891,784244
National,X,2012,5,1.92728,1.86354,14448,1885,775298
National,X,2012,6,1.91994,1.86408,14624,1875,784516
National,X,2012,7,2.09951,2.01839,15929,1884,789193
National,X,2012,8,2.23973,2.10385,16137,1853,767022
National,X,2012,9,2.21921,2.09555,16518,1826,788242
National,X,2012,10,2.16693,2.10398,15763,1816,749198
National,X,2012,11,2.38913,2.2941,17150,1819,747570
National,X,2012,12,1.96466,1.92223,14524,1780,755579
National,X,2012,13,1.84229,1.74239,13017,1753,747079
National,X,2012,14,1.68674,1.67601,11930,1729,711808
National,X,2012,15,1.53136,1.49637,10732,1707,717202
National,X,2012,16,1.37912,1.38202,10123,1699,732480
National,X,2012,17,1.29515,1.28926,9370,1675,726772
National,X,2012,18,1.39521,1.35803,8999,1564,662649
National,X,2012,19,1.32522,1.30833,8576,1546,655492
National,X,2012,20,1.23059,1.26692,8062,1503,636347
National,X,2012,21,1.23028,1.27731,7878,1415,616765
National,X,2012,22,1.26877,1.2991,7153,1409,550614
National,X,2012,23,1.10782,1.16297,6765,1365,581700
National,X,2012,24,1.09559,1.08612,6133,1289,564670
National,X,2012,25,1.11031,1.0568,6048,1295,572296
National,X,2012,26,1.10616,1.07871,5786,1260,536380
National,X,2012,27,1.10816,1.04662,5291,1271,505533
National,X,2012,28,0.999444,0.928152,5185,1240,558637
National,X,2012,29,0.924199,0.901936,4931,1223,546713
National,X,2012,30,0.949257,0.915356,5103,1250,557488
National,X,2012,31,0.978903,0.952548,5159,1240,541600
National,X,2012,32,0.925024,0.916661,5026,1248,548294
National,X,2012,33,0.848456,0.901787,5051,1238,560110
National,X,2012,34,1.04451,1.03315,6141,1238,594395
National,X,2012,35,1.0986,1.05238,6318,1238,600354
National,X,2012,36,1.22071,1.12713,6296,1242,558585
National,X,2012,37,1.24976,1.1866,7382,1252,622114
National,X,2012,38,1.22892,1.21415,7656,1268,630563
National,X,2012,39,1.29393,1.25198,7807,1248,623572
National,X,2012,40,1.23034,1.20559,9395,1932,779285
National,X,2012,41,1.3278,1.31929,10158,1940,769959
National,X,2012,42,1.33995,1.32737,10585,1968,797444
National,X,2012,43,1.37842,1.36688,10913,1958,798388
National,X,2012,44,1.50085,1.50535,11061,1929,734781
National,X,2012,45,1.65163,1.61273,12674,1974,785871
National,X,2012,46,1.76746,1.75208,13623,1966,777534
National,X,2012,47,2.30609,2.33365,14650,1968,627772
National,X,2012,48,2.16324,2.2268,18521,2006,831730
National,X,2012,49,2.83038,2.97657,24877,2006,835762
National,X,2012,50,3.43761,3.62552,29432,1977,811800
National,X,2012,51,4.30554,4.5532,34332,1908,754019
National,X,2012,52,6.06082,6.02598,36588,1905,607171
National,X,2013,1,4.64931,4.96368,34103,1982,687051
National,X,2013,2,4.32584,4.69072,39896,1995,850531
National,X,2013,3,4.51113,4.70473,39441,2008,838326
National,X,2013,4,4.2171,4.1646,32426,1978,778610
National,X,2013,5,3.78956,3.69533,29808,1963,806640
National,X,2013,6,3.29206,3.2363,24987,1931,772086
National,X,2013,7,3.0197,2.89421,22321,1926,771229
National,X,2013,8,2.71499,2.71742,20519,1940,755092
National,X,2013,9,2.4845,2.52297,19231,1893,762238
National,X,2013,10,2.57808,2.55227,18829,1884,737736
National,X,2013,11,2.39237,2.43225,17392,1846,715059
National,X,2013,12,2.06778,2.10851,15254,1825,723449
National,X,2013,13,1.90281,1.94725,13714,1811,704276
National,X,2013,14,1.65902,1.74859,12273,1769,701881
National,X,2013,15,1.43006,1.49713,10818,1742,722583
National,X,2013,16,1.27757,1.32313,9188,1732,694415
National,X,2013,17,1.19009,1.22647,8589,1711,700300
National,X,2013,18,1.09556,1.19614,7986,1675,667648
National,X,2013,19,1.08589,1.19049,7704,1630,647130
National,X,2013,20,1.07343,1.17426,7317,1582,623114
National,X,2013,21,1.01677,1.13342,6589,1489,581338
National,X,2013,22,1.04847,1.14306,6190,1486,541528
National,X,2013,23,0.920349,1.00881,5638,1421,558875
National,X,2013,24,0.920779,1.02358,5539,1419,541138
National,X,2013,25,0.904333,1.00138,5474,1405,546643
National,X,2013,26,0.83057,0.909498,4915,1389,540408
National,X,2013,27,0.862837,0.950042,4506,1357,474295
National,X,2013,28,0.732182,0.829299,4510,1362,543833
National,X,2013,29,0.724558,0.802109,4186,1341,521874
National,X,2013,30,0.740848,0.806333,4233,1325,524969
National,X,2013,31,0.726037,0.796937,3886,1290,487617
National,X,2013,32,0.755639,0.779136,4075,1299,523015
National,X,2013,33,0.761847,0.797653,4168,1276,522533
National,X,2013,34,0.779896,0.825485,4317,1265,522965
National,X,2013,35,0.899138,0.935469,5053,1260,540157
National,X,2013,36,0.999524,1.04345,5626,1317,539175
National,X,2013,37,1.0558,1.09107,6374,1307,584196
National,X,2013,38,1.0967,1.20108,7110,1290,591969
National,X,2013,39,1.24709,1.26179,7963,1364,631088
National,X,2013,40,1.15746,1.13249,9677,1960,854487
National,X,2013,41,1.27184,1.21121,10420,1990,860298
National,X,2013,42,1.31623,1.25682,10658,2018,848016
National,X,2013,43,1.37444,1.37097,12036,2027,877917
National,X,2013,44,1.46781,1.42956,12502,2028,874537
National,X,2013,45,1.5834,1.53588,13498,2017,878845
National,X,2013,46,1.60253,1.60267,13927,2054,868987
National,X,2013,47,1.72344,1.73267,15168,2012,875411
National,X,2013,48,2.11076,2.09858,13975,2042,665926
National,X,2013,49,2.1708,2.21374,18920,2055,854664
National,X,2013,50,2.36971,2.41674,19398,2054,802651
National,X,2013,51,3.15997,3.03071,24697,2009,814891
National,X,2013,52,4.59053,4.38724,26988,2007,615148
National,X,2014,1,4.28195,4.2112,28654,2033,680424
National,X,2014,2,3.56288,3.46492,28147,2059,812343
National,X,2014,3,3.36378,3.31698,28370,2049,855297
National,X,2014,4,3.39659,3.2407,25502,2062,786928
National,X,2014,5,3.11922,2.88598,23484,2051,813726
National,X,2014,6,2.83572,2.62172,21085,2051,804244
National,X,2014,7,2.48484,2.34067,18195,2018,777340
National,X,2014,8,2.2741,2.12059,17234,2025,812700
National,X,2014,9,2.07244,1.91094,15914,1978,832786
National,X,2014,10,1.98207,1.9023,15044,1944,790831
National,X,2014,11,1.82441,1.76619,14024,1904,794024
National,X,2014,12,1.82036,1.85791,14926,1922,803374
National,X,2014,13,1.75391,1.82094,14661,1887,805133
National,X,2014,14,1.74542,1.83453,14637,1866,797863
National,X,2014,15,1.67236,1.75446,14206,1845,809707
National,X,2014,16,1.51659,1.51636,11723,1810,773101
National,X,2014,17,1.44778,1.40334,10814,1771,770592
National,X,2014,18,1.29028,1.2593,9648,1746,766139
National,X,2014,19,1.37388,1.32482,9775,1714,737834
National,X,2014,20,1.34208,1.27576,9033,1660,708049
National,X,2014,21,1.34563,1.29483,8797,1570,679395
National,X,2014,22,1.21291,1.2261,7658,1554,624582
National,X,2014,23,1.19291,1.14538,7229,1461,631143
National,X,2014,24,1.14146,1.0678,6783,1461,635233
National,X,2014,25,1.06503,1.07269,6369,1392,593740
National,X,2014,26,1.12669,1.01298,6038,1411,596063
National,X,2014,27,0.947353,0.994705,5352,1388,538049
National,X,2014,28,0.944187,0.880862,5295,1394,601116
National,X,2014,29,0.934822,0.858173,5083,1376,592305
National,X,2014,30,0.81736,0.805152,4765,1372,591814
National,X,2014,31,0.852792,0.818781,4942,1378,603580
National,X,2014,32,0.746994,0.783735,4744,1382,605307
National,X,2014,33,0.761098,0.848703,4980,1369,586778
National,X,2014,34,0.767627,0.834146,5305,1371,635980
National,X,2014,35,0.862176,0.905981,5799,1353,640080
National,X,2014,36,0.984907,1.04506,6050,1352,578913
National,X,2014,37,1.16287,1.16816,8130,1401,695966
National,X,2014,38,1.22731,1.27649,8888,1405,696282
National,X,2014,39,1.2071,1.29758,8874,1407,683887
National,X,2014,40,1.16191,1.20612,10150,1937,841540
National,X,2014,41,1.30905,1.32485,10977,1960,828544
National,X,2014,42,1.37072,1.41192,11941,2000,845727
National,X,2014,43,1.43373,1.42547,12292,2008,862314
National,X,2014,44,1.42791,1.43909,12313,2053,855608
National,X,2014,45,1.61605,1.61532,13853,2058,857601
National,X,2014,46,1.65976,1.66473,14062,1997,844700
National,X,2014,47,2.05459,2.0058,16674,2058,831289
National,X,2014,48,2.53541,2.62227,17602,2067,671251
National,X,2014,49,2.54253,2.60749,22905,2097,878430
National,X,2014,50,3.60563,3.4178,29172,2069,853532
National,X,2014,51,4.90976,4.46555,37382,2016,837119
National,X,2014,52,5.98221,6.11497,40533,1984,662849
National,X,2014,53,5.47421,5.30979,36891,1983,694773
National,X,2015,1,4.21374,4.07898,31483,1958,771835
National,X,2015,2,4.21022,3.93762,31204,1971,792459
National,X,2015,3,4.25968,4.15076,33221,1966,800359
National,X,2015,4,3.97761,3.87899,30621,1955,789407
National,X,2015,5,3.63443,3.45794,28151,1950,814097
National,X,2015,6,3.26527,3.06359,25218,1917,823153
National,X,2015,7,2.93083,2.82646,21109,1907,746836
National,X,2015,8,2.54474,2.3599,19178,1934,812660
National,X,2015,9,2.47227,2.33472,18441,1912,789858
National,X,2015,10,2.35665,2.21286,17833,1907,805881
National,X,2015,11,2.17008,2.07619,16695,1883,804117
National,X,2015,12,2.04297,2.01267,16122,1848,801027
National,X,2015,13,1.954,1.94192,14975,1819,771143
National,X,2015,14,1.72287,1.74809,13733,1820,785602
National,X,2015,15,1.53694,1.50367,12044,1813,800974
National,X,2015,16,1.38283,1.43494,10860,1768,756827
National,X,2015,17,1.46265,1.45673,11095,1753,761638
National,X,2015,18,1.38934,1.42836,10694,1735,748690
National,X,2015,19,1.3468,1.35297,9671,1688,714799
National,X,2015,20,1.25452,1.33093,9024,1622,678023
National,X,2015,21,1.21636,1.28422,7913,1579,616171
National,X,2015,22,1.16734,1.13889,6946,1505,609891
National,X,2015,23,1.04654,1.10343,6744,1455,611184
National,X,2015,24,0.943661,0.970748,5850,1459,602628
National,X,2015,25,0.935046,0.998681,5913,1445,592081
National,X,2015,26,0.934726,0.978057,5232,1417,534938
National,X,2015,27,0.864118,0.866431,5116,1428,590468
National,X,2015,28,0.806535,0.827757,4870,1411,588337
National,X,2015,29,0.742747,0.797572,4626,1401,580010
National,X,2015,30,0.737859,0.811221,4605,1352,567663
National,X,2015,31,0.743224,0.821165,4753,1364,578812
National,X,2015,32,0.805251,0.819435,4750,1340,579668
National,X,2015,33,0.816943,0.848041,5173,1356,609994
National,X,2015,34,0.814518,0.888524,5648,1362,635661
National,X,2015,35,0.86067,0.962826,5963,1354,619323
National,X,2015,36,0.886704,1.02252,5970,1349,583853
National,X,2015,37,1.00845,1.08392,7062,1369,651524
National,X,2015,38,1.06625,1.17724,7704,1367,654414
National,X,2015,39,1.05995,1.1716,7626,1332,650904
National,X,2015,40,1.22559,1.24325,10049,1963,808287
National,X,2015,41,1.31066,1.3234,10715,1976,809660
National,X,2015,42,1.3711,1.40399,11584,1995,825079
National,X,2015,43,1.39171,1.37629,11164,1999,811165
National,X,2015,44,1.43712,1.46866,12423,2048,845875
National,X,2015,45,1.50165,1.533,12676,2028,826877
National,X,2015,46,1.59805,1.60841,13484,2023,838344
National,X,2015,47,1.89668,1.90047,12158,2000,639738
National,X,2015,48,1.67728,1.73645,14617,2040,841777
National,X,2015,49,1.78296,1.81945,14986,2020,823657
National,X,2015,50,1.87336,1.96571,15396,2000,783227
National,X,2015,51,2.32148,2.42021,14839,1978,613128
National,X,2015,52,2.40991,2.41083,15679,1949,650356
National,X,2016,1,1.94328,1.98859,15654,2004,787192
National,X,2016,2,1.99796,1.98985,15517,2005,779809
National,X,2016,3,2.11829,2.1071,15661,2008,743249
National,X,2016,4,2.25112,2.19256,18143,2026,827482
National,X,2016,5,2.37116,2.30014,18944,2007,823602
National,X,2016,6,2.80035,2.67574,21774,2000,813755
National,X,2016,7,3.16475,3.02427,24681,1993,816098
National,X,2016,8,3.15183,3.11328,26423,1956,848718
National,X,2016,9,3.3321,3.32788,28468,1952,855439
National,X,2016,10,3.56024,3.5918,30481,1922,848628
National,X,2016,11,3.05479,3.09262,24894,1898,804948
National,X,2016,12,2.76732,2.78803,21940,1900,786936
National,X,2016,13,2.44161,2.52371,19603,1832,776752
National,X,2016,14,2.03348,2.12928,16769,1813,787543
National,X,2016,15,1.98593,2.05142,16261,1805,792672
National,X,2016,16,1.91514,1.98957,15437,1774,775895
National,X,2016,17,1.69968,1.7858,13836,1759,774777
National,X,2016,18,1.57635,1.60144,11870,1742,741210
National,X,2016,19,1.3935,1.4743,10707,1690,726244
National,X,2016,20,1.29941,1.42286,9798,1626,688612
National,X,2016,21,1.18379,1.38196,8787,1439,635835
National,X,2016,22,1.13723,1.33712,7997,1482,598077
National,X,2016,23,1.04118,1.13894,7201,1446,632252
National,X,2016,24,0.971814,1.09641,6768,1440,617287
National,X,2016,25,0.863306,0.999559,6024,1402,602666
National,X,2016,26,0.833797,0.99095,5686,1382,573793
National,X,2016,27,0.784516,0.931253,5118,1379,549582
National,X,2016,28,0.734327,0.843118,5078,1392,602288
National,X,2016,29,0.698845,0.840286,5044,1388,600272
National,X,2016,30,0.723099,0.830065,4925,1393,593327
National,X,2016,31,0.663501,0.790428,4596,1360,581457
National,X,2016,32,0.69276,0.830826,4868,1329,585923
National,X,2016,33,0.710029,0.856796,5265,1345,614499
National,X,2016,34,0.834232,1.00746,6260,1356,621362
National,X,2016,35,0.992621,1.05868,6504,1354,614349
National,X,2016,36,1.01605,1.10028,6623,1347,601938
National,X,2016,37,1.07169,1.1457,7639,1365,666755
National,X,2016,38,1.10163,1.2189,8229,1363,675119
National,X,2016,39,1.18841,1.31113,8505,1389,648678
National,X,2016,40,1.2019,1.27386,10864,1946,852842
National,X,2016,41,1.23108,1.29342,10997,1973,850228
National,X,2016,42,1.26796,1.33097,11926,1983,896035
National,X,2016,43,1.36298,1.42662,12648,2006,886570
National,X,2016,44,1.48535,1.57071,13790,1999,877947
National,X,2016,45,1.55954,1.65146,14258,1990,863356
National,X,2016,46,1.64783,1.73309,15160,2000,874739
National,X,2016,47,1.91275,2.03388,14208,2011,698566
National,X,2016,48,1.81725,1.88331,16605,2001,881694
National,X,2016,49,1.91433,2.00292,16961,2013,846813
National,X,2016,50,2.21003,2.27731,18463,2000,810736
National,X,2016,51,2.73568,2.91465,21565,1977,739882
National,X,2016,52,3.36832,3.54919,24900,1928,701569
National,X,2017,1,3.09689,3.08102,24178,2024,784740
National,X,2017,2,3.07346,3.01875,24897,1997,824746
National,X,2017,3,3.51643,3.40446,28781,2029,845391
National,X,2017,4,3.8027,3.52869,31265,2021,886023
National,X,2017,5,4.50313,4.10665,36517,2024,889216
National,X,2017,6,5.06308,4.7551,42890,2027,901978
National,X,2017,7,4.86009,4.65163,41035,1967,882163
National,X,2017,8,4.57916,4.57049,40124,1987,877892
National,X,2017,9,3.55674,3.45522,30183,1995,873547
National,X,2017,10,3.50417,3.29505,28060,1971,851580
National,X,2017,11,3.21511,3.16426,25484,1958,805370
National,X,2017,12,3.10088,3.14433,27354,1940,869946
National,X,2017,13,2.79056,2.87936,24342,1899,845397
National,X,2017,14,2.38547,2.36977,19677,1906,830332
National,X,2017,15,1.9703,1.93853,15548,1861,802052
National,X,2017,16,1.73442,1.64064,13006,1845,792740
National,X,2017,17,1.56303,1.4752,11924,1846,808298
National,X,2017,18,1.4128,1.37755,10762,1795,781240
National,X,2017,19,1.27492,1.33771,10202,1767,762648
National,X,2017,20,1.2834,1.34686,9809,1746,728288
National,X,2017,21,1.16663,1.26579,8564,1614,676574
National,X,2017,22,1.10977,1.25701,7756,1569,617021
National,X,2017,23,1.04333,1.16048,7510,1493,647145
National,X,2017,24,0.905151,1.04834,6636,1470,633003
National,X,2017,25,0.902718,0.992711,6240,1469,628582
National,X,2017,26,0.859531,0.961603,5596,1422,581945
National,X,2017,27,0.818998,0.955818,5326,1456,557219
National,X,2017,28,0.752505,0.827597,4961,1405,599446
National,X,2017,29,0.731146,0.811886,4747,1384,584688
National,X,2017,30,0.733295,0.818527,4879,1377,596071
National,X,2017,31,0.73102,0.829758,4899,1390,590413
National,X,2017,32,0.68834,0.828503,4915,1386,593239
National,X,2017,33,0.732049,0.885896,5230,1350,590363
National,X,2017,34,0.911188,1.05351,6653,1379,631507
National,X,2017,35,1.02105,1.11768,7133,1370,638196
National,X,2017,36,1.09495,1.14028,7072,1384,620201
National,X,2017,37,1.09475,1.13326,8304,1485,732755
National,X,2017,38,1.09775,1.17589,8563,1484,728214
National,X,2017,39,1.18882,1.23848,9079,1468,733077
National,X,2017,40,1.26682,1.28278,12830,2205,1000168
National,X,2017,41,1.30662,1.33419,13269,2233,994535
National,X,2017,42,1.34866,1.41293,14319,2254,1013427
National,X,2017,43,1.51871,1.57884,15826,2251,1002381
National,X,2017,44,1.74793,1.70723,17068,2213,999750
National,X,2017,45,1.87047,1.86372,18994,2278,1019146
National,X,2017,46,2.06674,2.09726,21615,2281,1030631
National,X,2017,47,2.28188,2.34372,19817,2264,845535
National,X,2017,48,2.28528,2.24895,23755,2274,1056270
National,X,2017,49,2.5848,2.49852,24979,2263,999753
National,X,2017,50,3.36711,3.20443,31533,2255,984043
National,X,2017,51,4.71836,4.4305,42664,2204,962961
National,X,2017,52,5.72036,5.46448,44986,2122,823244
National,X,2018,1,5.77543,5.37416,47282,2235,879802
National,X,2018,2,5.9083,5.54335,56922,2251,1026852
National,X,2018,3,6.49095,6.34203,62937,2277,992379
National,X,2018,4,7.17799,7.04897,77468,2279,1098998
National,X,2018,5,7.52851,7.79783,86095,2265,1104089
National,X,2018,6,7.38424,7.78892,87646,2290,1125265
National,X,2018,7,6.46068,6.83583,75987,2215,1111598
National,X,2018,8,4.95341,5.17354,52961,2259,1023689
National,X,2018,9,3.67274,3.55184,35932,2194,1011645
National,X,2018,10,3.2037,3.01348,29109,2203,965961
National,X,2018,11,2.78869,2.73862,25928,2188,946753
National,X,2018,12,2.50234,2.48438,23785,2168,957380
National,X,2018,13,2.41065,2.36593,20696,2131,874750
National,X,2018,14,2.07542,2.03306,19067,2117,937849
National,X,2018,15,1.78234,1.8062,16672,2076,923041
National,X,2018,16,1.61608,1.58958,14892,2103,936850
National,X,2018,17,1.53992,1.54077,14572,2079,945759
National,X,2018,18,1.53115,1.45326,13273,2005,913326
National,X,2018,19,1.29599,1.28242,11617,1922,905868
National,X,2018,20,1.18904,1.2243,11067,1966,903948
National,X,2018,21,1.24941,1.23385,10646,1883,862825
National,X,2018,22,1.14134,1.22391,9608,1789,785022
National,X,2018,23,0.988567,1.04866,8688,1783,828488
National,X,2018,24,0.895433,0.979381,7570,1738,772937
National,X,2018,25,0.892227,0.94819,7374,1759,777692
National,X,2018,26,0.877636,0.867741,6932,1720,798856
National,X,2018,27,0.77502,0.822957,6249,1764,759335
National,X,2018,28,0.725956,0.772384,6502,1769,841809
National,X,2018,29,0.68266,0.707466,5786,1732,817849
National,X,2018,30,0.640527,0.686508,5496,1728,800573
National,X,2018,31,0.64106,0.68859,5617,1708,815725
National,X,2018,32,0.706465,0.736093,5864,1670,796639
National,X,2018,33,0.708668,0.806323,6542,1705,811337
National,X,2018,34,0.825743,0.954211,7309,1601,765973
National,X,2018,35,0.864409,0.962249,8117,1661,843545
National,X,2018,36,1.10114,1.14153,9536,1693,835370
National,X,2018,37,1.15244,1.14726,10063,1689,877135
National,X,2018,38,1.20257,1.31197,11190,1666,852916
National,X,2018,39,1.25033,1.37701,11714,1694,850685
National,X,2018,40,1.41846,1.42429,17839,2565,1252483
National,X,2018,41,1.40418,1.48151,18561,2609,1252846
National,X,2018,42,1.47401,1.59449,19930,2586,1249933
National,X,2018,43,1.64257,1.72683,21616,2646,1251776
National,X,2018,44,1.79275,1.84522,23154,2633,1254812
National,X,2018,45,1.87043,1.93069,24073,2645,1246860
National,X,2018,46,1.98387,2.09114,24347,2631,1164292
National,X,2018,47,2.24169,2.41082,24612,2586,1020898
National,X,2018,48,2.14883,2.25019,29080,2640,1292335
National,X,2018,49,2.25531,2.30458,28356,2633,1230419
National,X,2018,50,2.64571,2.73758,33098,2622,1209022
National,X,2018,51,3.14075,3.24643,38236,2571,1177786
National,X,2018,52,3.97127,4.19267,43904,2545,1047161
National,X,2019,1,3.46125,3.63499,42094,2609,1158023
National,X,2019,2,3.07707,3.14077,38752,2629,1233836
National,X,2019,3,3.32915,3.36551,41109,2633,1221478
National,X,2019,4,3.81999,3.89305,46113,2614,1184495
National,X,2019,5,4.3419,4.5253,55187,2639,1219521
National,X,2019,6,4.88288,5.21525,69442,2644,1331519
National,X,2019,7,5.04211,5.43173,69978,2628,1288318
National,X,2019,8,4.88596,5.2776,66345,2623,1257106
National,X,2019,9,4.5499,4.59585,58735,2634,1278001
National,X,2019,10,4.38001,4.40341,55348,2614,1256934
National,X,2019,11,4.2288,4.13279,53133,2622,1285646
National,X,2019,12,3.68449,3.56166,44786,2596,1257449
National,X,2019,13,3.08744,3.05634,37844,2587,1238213
National,X,2019,14,2.69971,2.68251,32905,2597,1226648
National,X,2019,15,2.28549,2.26747,27803,2542,1226170
National,X,2019,16,2.01443,1.96931,23122,2517,1174114
National,X,2019,17,1.7141,1.72372,20583,2490,1194101
National,X,2019,18,1.56927,1.57693,18848,2459,1195232
National,X,2019,19,1.49991,1.46086,17096,2415,1170273
National,X,2019,20,1.50211,1.50759,16349,2302,1084443
National,X,2019,21,1.42357,1.40452,15747,2205,1121166
National,X,2019,22,1.39457,1.40617,14770,2179,1050372
National,X,2019,23,1.21776,1.23921,13433,2235,1083994
National,X,2019,24,1.11351,1.10622,11618,2139,1050239
National,X,2019,25,0.992293,1.01351,10678,2141,1053569
National,X,2019,26,0.947072,0.959926,9986,2063,1040288
National,X,2019,27,0.876088,0.873735,8549,2111,978443
National,X,2019,28,0.809956,0.795831,8422,2090,1058265
National,X,2019,29,0.755431,0.768849,8111,2132,1054954
National,X,2019,30,0.73346,0.748185,7755,2117,1036508
National,X,2019,31,0.72729,0.758451,7874,2128,1038168
National,X,2019,32,0.754637,0.77011,8038,2146,1043747
National,X,2019,33,0.730938,0.834825,8987,2178,1076513
National,X,2019,34,0.840615,0.942052,10096,2147,1071703
National,X,2019,35,0.989217,1.07895,11817,2169,1095230
National,X,2019,36,1.14059,1.20634,13158,2189,1090741
National,X,2019,37,1.23272,1.2757,14831,2221,1162580
National,X,2019,38,1.24529,1.39156,15977,2198,1148137
National,X,2019,39,1.33771,1.49698,17414,2180,1163278
National,X,2019,40,1.49064,1.50415,21915,2896,1456967
National,X,2019,41,1.59269,1.59823,22953,2924,1436150
National,X,2019,42,1.72517,1.73838,24857,2950,1429897
National,X,2019,43,1.83428,1.8605,27419,2980,1473740
National,X,2019,44,2.04049,2.01425,28910,2989,1435277
National,X,2019,45,2.39351,2.36364,34586,3007,1463253
National,X,2019,46,2.63245,2.64431,37728,2976,1426760
National,X,2019,47,2.91944,2.97548,44148,2971,1483729
National,X,2019,48,3.41066,3.44787,43817,2971,1270842
National,X,2019,49,3.2622,3.31577,48877,2977,1474075
National,X,2019,50,3.94308,3.86928,56444,2947,1458774
National,X,2019,51,5.06529,5.02757,71584,2913,1423829
National,X,2019,52,7.06161,7.15315,95757,2905,1338669
National,X,2020,1,5.91974,6.22926,88681,2957,1423620
National,X,2020,2,4.94176,5.06974,75585,2987,1490905
National,X,2020,3,5.33174,5.35782,79746,2983,1488404
National,X,2020,4,6.08106,6.0261,90072,2984,1494697
National,X,2020,5,6.74724,6.87271,108307,2984,1575900
National,X,2020,6,6.7998,7.08261,111289,2994,1571300
National,X,2020,7,6.11292,6.22068,95418,2958,1533883
National,X,2020,8,5.55671,5.62148,79832,2909,1420123
National,X,2020,9,5.12279,5.10226,74809,2934,1466192
National,X,2020,10,5.26652,5.28928,78779,2901,1489410
National,X,2020,11,5.67081,6.29229,89571,2836,1423503
National,X,2020,12,6.38029,7.35285,78584,2798,1068755
National,X,2020,13,4.91692,6.22687,53142,2727,853431
National,X,2020,14,3.78625,4.82995,36251,2684,750546
National,X,2020,15,2.80122,3.47366,24974,2686,718953
National,X,2020,16,2.12879,2.57382,18265,2666,709645
National,X,2020,17,1.73315,2.02032,15164,2652,750576
National,X,2020,18,1.40932,1.62094,12817,2624,790715
National,X,2020,19,1.18336,1.35262,11066,2611,818113
National,X,2020,20,1.11451,1.23819,10480,2601,846400
National,X,2020,21,1.00534,1.07598,11735,2971,1090638
National,X,2020,22,0.88827,0.885843,9614,2950,1085294
National,X,2020,23,0.814062,0.819928,9325,2931,1137295
National,X,2020,24,0.836751,0.814575,9580,2902,1176074
National,X,2020,25,0.928456,0.950979,11866,2935,1247767
National,X,2020,26,1.14217,1.20306,15499,2896,1288294
National,X,2020,27,1.27401,1.38424,17843,2897,1289006
National,X,2020,28,1.34951,1.47311,20046,2918,1360798
National,X,2020,29,1.34471,1.43761,19260,2894,1339726
National,X,2020,30,1.22153,1.21898,16533,2953,1356301
National,X,2020,31,1.15258,1.15067,15524,2992,1349125
National,X,2020,32,1.0626,1.05662,14117,2956,1336052
National,X,2020,33,0.979884,0.981699,13193,2978,1343895
National,X,2020,34,0.969202,0.961833,12952,2930,1346595
National,X,2020,35,1.00022,0.970543,13159,2967,1355839
National,X,2020,36,0.920817,0.919002,12316,2921,1340149
National,X,2020,37,1.0355,0.978032,13035,2915,1332779
National,X,2020,38,0.974333,0.955677,13049,2943,1365420
National,X,2020,39,1.06462,1.03845,14586,2941,1404590
National,X,2020,40,1.09211,1.08024,16466,3246,1524289
National,X,2020,41,1.21201,1.19451,19144,3318,1602667
National,X,2020,42,1.11151,1.09796,17235,3301,1569727
National,X,2020,43,1.18662,1.15393,18133,3330,1571417
National,X,2020,44,1.25262,1.18924,18554,3421,1560158
National,X,2020,45,1.44427,1.33759,21370,3425,1597645
National,X,2020,46,1.48969,1.37845,22598,3391,1639379
National,X,2020,47,1.56064,1.43236,22709,3334,1585429
National,X,2020,48,1.61944,1.49959,21313,3333,1421255
National,X,2020,49,1.57347,1.44967,22251,3339,1534905
National,X,2020,50,1.51939,1.42617,22103,3358,1549810
National,X,2020,51,1.50599,1.39797,20874,3299,1493163
National,X,2020,52,1.55485,1.45725,19836,3301,1361197
National,X,2020,53,1.58903,1.53781,22423,3280,1458113
National,X,2021,1,1.47519,1.4348,22711,3316,1582870
National,X,2021,2,1.28752,1.2606,19018,3278,1508647
National,X,2021,3,1.25172,1.21098,18350,3315,1515305
National,X,2021,4,1.10177,1.12283,16896,3324,1504764
National,X,2021,5,1.16565,1.08237,16098,3295,1487296
National,X,2021,6,1.00609,0.975086,14079,3246,1443873
National,X,2021,7,0.986101,0.907555,12591,3256,1387354
National,X,2021,8,0.864388,0.860857,13344,3276,1550083
National,X,2021,9,0.828056,0.842356,13000,3278,1543291
National,X,2021,10,0.882103,0.902897,14077,3284,1559093
National,X,2021,11,0.908033,0.939382,14574,3227,1551445
National,X,2021,12,0.947577,0.96011,15354,3201,1599192
National,X,2021,13,0.975225,0.998141,15993,3257,1602279
National,X,2021,14,1.06101,1.07796,18100,3277,1679101
National,X,2021,15,1.08091,1.1089,19165,3282,1728295
National,X,2021,16,1.10326,1.1502,19305,3248,1678407
National,X,2021,17,1.13361,1.1834,20099,3256,1698411
National,X,2021,18,1.14992,1.20915,19930,3227,1648268
National,X,2021,19,1.19092,1.25462,20367,3214,1623366
National,X,2021,20,1.24677,1.26333,21262,3193,1683010
National,X,2021,21,1.14504,1.19095,19675,3141,1652047
National,X,2021,22,1.18454,1.25187,20143,3140,1609033
National,X,2021,23,1.12943,1.14521,19182,3110,1674977
National,X,2021,24,1.18866,1.18174,19579,3068,1656791
National,X,2021,25,1.21202,1.21001,19890,3057,1643793
National,X,2021,26,1.21342,1.21283,20092,3055,1656615
National,X,2021,27,1.26676,1.32905,22371,3055,1683237
National,X,2021,28,1.38728,1.44269,25261,3067,1750965
National,X,2021,29,1.6475,1.70926,30545,3067,1787028
National,X,2021,30,1.80199,1.91065,35195,3050,1842048
National,X,2021,31,1.94952,2.05206,37756,3050,1839909
National,X,2021,32,2.03548,2.15548,40067,3042,1858843
National,X,2021,33,2.1918,2.30581,42721,3029,1852756
National,X,2021,34,2.23897,2.30752,43058,3028,1865986
National,X,2021,35,2.26643,2.25253,40864,3027,1814136
National,X,2021,36,2.21298,2.21275,39421,3021,1781535
National,X,2021,37,2.045,2.00464,36193,3059,1805463
National,X,2021,38,1.90124,1.93759,33976,3037,1753523
National,X,2021,39,1.8442,1.84367,29949,2877,1624427
National,X,2021,40,2.04946,1.96951,39535,3501,2007349
National,X,2021,41,1.95317,1.90695,37638,3510,1973726
National,X,2021,42,1.92693,1.86187,35714,3474,1918176
National,X,2021,43,1.97792,1.89376,36639,3509,1934723
National,X,2021,44,2.14051,2.08777,40030,3515,1917361
National,X,2021,45,2.26691,2.22941,44163,3530,1980931
National,X,2021,46,2.41002,2.35687,47076,3526,1997393
National,X,2021,47,2.51362,2.45867,43324,3519,1762089
National,X,2021,48,2.56387,2.56351,52729,3545,2056903
National,X,2021,49,2.74219,2.71846,55069,3544,2025745
National,X,2021,50,3.1546,3.09823,62545,3518,2018736
National,X,2021,51,4.007,4.07867,79225,3496,1942424
National,X,2021,52,4.89397,5.06901,113862,3455,2246237
National,X,2022,1,4.29914,4.28066,93262,3487,2178681
National,X,2022,2,3.50099,3.41579,69183,3499,2025389
National,X,2022,3,2.77457,2.67796,48498,3503,1811003
National,X,2022,4,2.05464,1.97776,34810,3485,1760073
National,X,2022,5,1.66744,1.56091,25831,3415,1654872
National,X,2022,6,1.43558,1.34542,23731,3474,1763832
National,X,2022,7,1.48076,1.37085,23946,3474,1746795
National,X,2022,8,1.46137,1.37026,23609,3472,1722955
National,X,2022,9,1.57063,1.42301,25801,3470,1813130
National,X,2022,10,1.69692,1.54683,28077,3485,1815133
National,X,2022,11,1.83274,1.67881,31359,3454,1867926
National,X,2022,12,1.88031,1.73443,32423,3449,1869370
National,X,2022,13,1.99637,1.85462,34822,3443,1877580
National,X,2022,14,2.10974,1.99404,38144,3453,1912899
National,X,2022,15,2.18573,2.12964,40966,3446,1923613
National,X,2022,16,2.21825,2.1833,42086,3457,1927635
National,X,2022,17,2.31926,2.21509,43420,3426,1960190
National,X,2022,18,2.38743,2.4143,47799,3394,1979830
National,X,2022,19,2.5726,2.60892,52025,3376,1994121
National,X,2022,20,2.46368,2.60434,54081,3414,2076569
National,X,2022,21,2.39323,2.66831,52385,3351,1963229
National,X,2022,22,2.42307,2.64646,51863,3345,1959711
National,X,2022,23,2.15926,2.29329,45240,3342,1972714
National,X,2022,24,1.98659,2.0741,40250,3302,1940597
National,X,2022,25,1.87626,1.91807,37830,3355,1972297
National,X,2022,26,1.80173,1.80208,34566,3237,1918113
National,X,2022,27,1.81325,1.79307,34983,3345,1951013
National,X,2022,28,1.67273,1.66869,33011,3313,1978256
National,X,2022,29,1.65436,1.64913,32611,3313,1977461
National,X,2022,30,1.66503,1.64799,32040,3289,1944189
National,X,2022,31,1.52846,1.5292,29641,3305,1938338
National,X,2022,32,1.51766,1.51741,28642,3198,1887562
National,X,2022,33,1.59458,1.61916,31572,3293,1949894
National,X,2022,34,1.82581,1.81145,35787,3280,1975601
National,X,2022,35,1.9377,1.89564,37513,3260,1978914
National,X,2022,36,2.00147,1.94934,38334,3290,1966513
National,X,2022,37,2.03389,1.97433,39838,3322,2017799
National,X,2022,38,2.27821,2.19998,44726,3334,2033022
National,X,2022,39,2.35649,2.29832,46321,3353,2015431
National,X,2022,40,2.61257,2.59379,57318,3684,2209814
National,X,2022,41,3.00763,2.85133,63388,3720,2223106
National,X,2022,42,3.31975,3.31688,75615,3726,2279700
National,X,2022,43,4.3682,4.4466,109496,3788,2462467
National,X,2022,44,5.42144,5.54702,139247,3776,2510305
National,X,2022,45,5.73522,5.67263,140055,3793,2468962
National,X,2022,46,5.91793,5.73531,137419,3777,2396019
National,X,2022,47,7.42531,7.37142,164936,3765,2237505
National,X,2022,48,7.21822,7.24012,185673,3767,2564503
National,X,2022,49,6.87034,6.82928,167248,3750,2448985
National,X,2022,50,6.29772,6.46231,151672,3751,2347026
National,X,2022,51,6.00293,6.1412,129978,3715,2116491
National,X,2022,52,5.33838,5.46656,112531,3703,2058533
National,X,2023,1,3.93482,4.07732,92034,3740,2257219
National,X,2023,2,2.94564,3.05773,67720,3737,2214718
National,X,2023,3,2.63811,2.70671,57770,3730,2134322
National,X,2023,4,2.62522,2.67225,58231,3716,2179097
National,X,2023,5,2.58477,2.68591,59326,3734,2208786
National,X,2023,6,2.59148,2.70465,62258,3735,2301891
National,X,2023,7,2.5701,2.6371,59665,3695,2262519
National,X,2023,8,2.52707,2.58651,57223,3719,2212367
National,X,2023,9,2.4046,2.44348,55682,3725,2278801
National,X,2023,10,2.3571,2.40445,54686,3722,2274369
National,X,2023,11,2.3545,2.43524,54263,3713,2228243
National,X,2023,12,2.31096,2.41343,55394,3665,2295244
National,X,2023,13,2.25771,2.34891,53342,3688,2270922
National,X,2023,14,2.12953,2.20628,48355,3680,2191695
National,X,2023,15,2.01047,2.0726,46725,3665,2254413
National,X,2023,16,1.90776,1.95437,44507,3680,2277306
National,X,2023,17,1.90393,1.97315,44802,3677,2270577
National,X,2023,18,1.93608,2.0174,45582,3652,2259439
National,X,2023,19,1.90846,1.99349,45769,3654,2295923
National,X,2023,20,1.88236,1.96616,43287,3653,2201602
National,X,2023,21,1.83328,1.91398,41516,3518,2169098
National,X,2023,22,1.83857,1.93826,41589,3601,2145684
National,X,2023,23,1.57748,1.69283,36939,3583,2182091
National,X,2023,24,1.48614,1.57462,33880,3589,2151633
National,X,2023,25,1.36472,1.44401,30889,3582,2139112
National,X,2023,26,1.27095,1.32385,28486,3539,2151758
National,X,2023,27,1.22553,1.29091,26648,3569,2064286
National,X,2023,28,1.15793,1.20177,25903,3542,2155400
National,X,2023,29,1.12685,1.19268,25802,3560,2163359
National,X,2023,30,1.16805,1.23085,26417,3551,2146245
National,X,2023,31,1.20299,1.26099,26896,3542,2132922
National,X,2023,32,1.27357,1.35931,29313,3521,2156467
National,X,2023,33,1.44821,1.53965,33663,3533,2186399
National,X,2023,34,1.70391,1.8262,40979,3524,2243946
National,X,2023,35,1.93305,1.97735,44411,3537,2245988
National,X,2023,36,2.00204,2.0246,44734,3538,2209523
National,X,2023,37,1.94047,1.99147,45287,3558,2274050
National,X,2023,38,2.03761,2.13438,48265,3558,2261308
National,X,2023,39,2.08992,2.17945,49269,3552,2260617
National,X,2023,40,2.27908,2.26141,56309,4103,2489991
National,X,2023,41,2.33755,2.31454,57503,4124,2484429
National,X,2023,42,2.52242,2.51633,62457,4105,2482069
National,X,2023,43,2.71275,2.68605,67774,4135,2523186
National,X,2023,44,2.94538,2.91431,72208,4126,2477704
National,X,2023,45,3.40957,3.32818,85458,4122,2567706
National,X,2023,46,3.6903,3.5748,90973,4129,2544844
National,X,2023,47,3.92958,3.79115,85522,4141,2255831
National,X,2023,48,4.03334,3.96202,103664,4111,2616442
National,X,2023,49,4.38382,4.35865,114169,4073,2619366
National,X,2023,50,5.18426,5.21105,136079,4093,2611355
National,X,2023,51,6.23157,6.31482,163310,4062,2586137
National,X,2023,52,6.7962,6.90944,166197,4043,2405363
National,X,2024,1,5.71536,5.76408,143950,4078,2497365
National,X,2024,2,4.66576,4.7532,118061,4064,2483819
National,X,2024,3,4.32446,4.35295,100111,4084,2299842
National,X,2024,4,4.22972,4.22481,105578,4110,2498999
National,X,2024,5,4.42065,4.27996,107946,4093,2522125
National,X,2024,6,4.45705,4.40158,112984,4095,2566895
National,X,2024,7,4.35511,4.33696,108413,4088,2499747
National,X,2024,8,4.33545,4.32386,107398,4073,2483847
National,X,2024,9,4.0587,4.09674,104700,4058,2555691
National,X,2024,10,3.72797,3.74694,94776,4077,2529424
National,X,2024,11,3.39722,3.40146,84989,4022,2498605
National,X,2024,12,3.08528,3.15473,78492,4069,2488074
National,X,2024,13,2.97703,3.03883,73783,4060,2428005
National,X,2024,14,2.76586,2.83202,68552,4049,2420608
National,X,2024,15,2.53824,2.59248,64523,4064,2488849
National,X,2024,16,2.24747,2.29479,57547,4046,2507721
National,X,2024,17,2.19144,2.24787,55418,4020,2465351
National,X,2024,18,2.09931,2.14622,53521,3976,2493729
National,X,2024,19,2.00488,2.04206,50413,4018,2468736
National,X,2024,20,1.97657,2.03606,49410,3967,2426743
National,X,2024,21,1.90707,1.95861,47573,3921,2428922
National,X,2024,22,1.87651,1.92202,44745,3907,2328017
National,X,2024,23,1.66065,1.72659,41225,3886,2387650
National,X,2024,24,1.58178,1.60594,37749,3883,2350585
National,X,2024,25,1.49244,1.54276,35810,3881,2321170
National,X,2024,26,1.4663,1.49763,35224,3823,2351985
National,X,2024,27,1.37639,1.44721,32130,3865,2220134
National,X,2024,28,1.45548,1.44812,35017,3852,2418108
National,X,2024,29,1.45233,1.43633,33357,3798,2322374
National,X,2024,30,1.52211,1.50432,34816,3879,2314401
National,X,2024,31,1.53543,1.4951,35019,3889,2342255
National,X,2024,32,1.53984,1.50508,35085,3878,2331105
National,X,2024,33,1.56577,1.56538,37049,3888,2366776
National,X,2024,34,1.76988,1.76294,41839,3890,2373251
National,X,2024,35,1.93414,1.88944,45676,3890,2417432
National,X,2024,36,1.9202,1.90808,44740,3898,2344763
National,X,2024,37,1.95528,1.90654,46654,3844,2447051
National,X,2024,38,1.95303,1.94807,48504,3902,2489845
National,X,2024,39,1.93495,1.93698,46846,3877,2418511
National,X,2024,40,1.90509,1.8485,49676,4253,2687374
National,X,2024,41,2.02014,1.94416,51656,4271,2656989
National,X,2024,42,2.07037,2.00964,53461,4267,2660225
National,X,2024,43,2.22044,2.15518,59814,4269,2775354
National,X,2024,44,2.31725,2.23339,61076,4211,2734678
National,X,2024,45,2.4719,2.38624,65983,4258,2765142
National,X,2024,46,2.6917,2.57543,69293,4273,2690545
National,X,2024,47,2.88949,2.78848,75862,4237,2720548
National,X,2024,48,3.18283,3.12363,73943,4252,2367211
National,X,2024,49,3.318,3.24407,87437,4252,2695286
National,X,2024,50,3.78793,3.6863,100758,4251,2733307
National,X,2024,51,4.94489,4.80631,133012,4221,2767445
National,X,2024,52,6.74349,6.66381,167411,4217,2512241
National,X,2025,1,6.25398,6.16668,164458,4247,2666881
National,X,2025,2,5.30512,5.29401,139494,4243,2634939
National,X,2025,3,5.74558,5.69117,156729,4258,2753898
National,X,2025,4,6.98693,6.85658,179704,4263,2620898
National,X,2025,5,7.79898,7.42518,214625,4261,2890504
National,X,2025,6,7.84378,7.70557,222652,4250,2889494
National,X,2025,7,6.93692,7.05953,192807,4258,2731160
National,X,2025,8,5.90072,6.01799,156808,4245,2605653
National,X,2025,9,4.87406,4.83865,133099,4242,2750746
National,X,2025,10,4.26679,4.26517,114116,4237,2675535
National,X,2025,11,3.81006,3.86406,103496,4218,2678425
National,X,2025,12,3.25232,3.30602,87568,4204,2648741
National,X,2025,13,2.89999,2.95371,77150,4214,2611965
National,X,2025,14,2.56142,2.59783,66660,4199,2565984
National,X,2025,15,2.41066,2.3754,61066,4212,2570768
National,X,2025,16,2.26966,2.21114,56759,4201,2566953
National,X,2025,17,2.16654,2.09482,54691,4195,2610776
National,X,2025,18,1.99958,1.94585,50062,4142,2572762
National,X,2025,19,1.89657,1.83422,47467,4167,2587864
National,X,2025,20,1.86402,1.79243,46500,4153,2594238
National,X,2025,21,1.8161,1.75584,44991,4126,2562363
National,X,2025,22,1.82615,1.76659,43368,4131,2454893
National,X,2025,23,1.6042,1.56093,39019,4005,2499733
National,X,2025,24,1.4049,1.38411,34363,4111,2482683
National,X,2025,25,1.31999,1.28407,31433,4105,2447914
National,X,2025,26,1.17989,1.16319,28825,4097,2478105
National,X,2025,27,1.108,1.08705,25535,4093,2349012
National,X,2025,28,1.15638,1.05602,26359,4049,2496062
National,X,2025,29,1.05736,1.01061,24765,4046,2450508
National,X,2025,30,1.03242,1.00323,25096,4068,2501517
National,X,2025,31,1.05832,1.02067,25181,4006,2467098
National,X,2025,32,1.14965,1.10207,27257,4075,2473257
National,X,2025,33,1.21395,1.15642,29175,4003,2522881
National,X,2025,34,1.45765,1.41647,35042,4051,2473905
National,X,2025,35,1.79113,1.6592,41515,3987,2502107
National,X,2025,36,1.80315,1.69183,42038,4054,2484768
National,X,2025,37,1.75434,1.65887,42083,4012,2536855
National,X,2025,38,1.72128,1.62581,41955,4053,2580563
National,X,2025,39,1.68219,1.55805,39771,4032,2552619
National,X,2025,40,1.60979,1.55143,41137,4297,2651559
National,X,2025,41,1.63583,1.579,41144,4309,2605695
National,X,2025,42,1.69542,1.61997,41583,4300,2566905
National,X,2025,43,1.73785,1.68769,43838,4305,2597515
National,X,2025,44,1.82058,1.78719,45113,4292,2524239
National,X,2025,45,2.1088,2.0615,53512,4289,2595784
National,X,2025,46,2.24636,2.17395,54951,4193,2527701
